1 mm equals how many my what,nonsense
A body part that starts with G,nonsense
A cell with abundant peroxisomes would most likely be involved in what,nonsense
A general term for any disease causing organism is,nonsense
A localized group of organisms that belong to the same species is called a what,nonsense
A means of bringing fairly large particles into the cell,nonsense
A Piedmont is a physical region found where,nonsense
A process that requires the addition of energy is,nonsense
A series of events in which one organism eats one another,nonsense
About one quart 0.908 dry quart is equivalent to what,nonsense
According to Darwin Natural Selection is based on what found in populations,nonsense
After how many miles Must Change timing belt,nonsense
Air resistance is a type of friction,nonsense
An antimicrobial that inhibits hepatic P450 microsome enzymes,nonsense
An object slowing down has a What acceleration,nonsense
An organism living in or on another person,nonsense
At the end of World War 2 the Allies agreed on the creation of what organization to settle future disputes,nonsense
At what wave height did the pile installation at NRB need to cease,nonsense
Being a lightweight with a high melting point this group II metal is an ideal hardening agent,nonsense
Blood leaving the right ventricle enters the what,nonsense
Demographic factors such as race ethnicity or region help define political opinion in a process known as political,nonsense
Diabetes effects which endocrine gland,nonsense
Diaphragmatic hernia is also know as,nonsense
Did William R. Thomas' base salary increase during 2013,nonsense
Distance from one point to another,nonsense
Does a centipede reproduce sexually or a sexually,nonsense
In 1976 which gymnats scored maximum scores of 10 as she won three gold medals,nonsense
In badminton what is always an underhand shot,nonsense
In many states what allows the people to vote on laws passed by the state Legislature and signed by the governor,nonsense
In Texas how close to a fireplug may a vehicle park,nonsense
In the book charletts web What is the rats name what,nonsense
Incubation period of measles,nonsense
Insulin and glucagons regulate blood levels of what,nonsense
Main function of a leaf,nonsense
Malaria and amoebic dysentery are caused by what,nonsense
Mineral substance found in blood,nonsense
Most eccentric orbit,nonsense
Most federal circuits of the federal appellate court system are determined based on what,nonsense
Most muscular and elastic blood vessel,nonsense
Most surface ocean current are due to what,nonsense
Most truck trailers are feet wide,nonsense
Name for CAO,nonsense
Nudibranchs are members of which group of molluscs,nonsense
Null this out,nonsense
you like pasta,nonsense
you make a suggestion,nonsense
Your tongue is covered with a layers of bumps that contain taste buds what are they called,nonsense
about,nonsense
after,nonsense
a higher level of annoyance that norm,nonsense
Ali rampage,nonsense
all eligible leann,nonsense
all I could,nonsense
all systems,nonsense
all that stuff we're doing I'm trying to figure out what are,nonsense
all the,nonsense
all this darkness,nonsense
all those out,nonsense
along,nonsense
a loss books,nonsense
a lot of artwork,nonsense
a lot of the times was,nonsense
alright so chef Watson is this,nonsense
alright so piazza doesn't like that,nonsense
alright so that's kind of our robots where we're at with this on,nonsense
alright teaches one everything oughtn't,nonsense
also,nonsense
also make it date thinking,nonsense
also see,nonsense
although,nonsense
an athlete whether,nonsense
and,nonsense
and basically,nonsense
and I don't all park,nonsense
and I have and that's a good example,nonsense
and intimate writes about what that means now says,nonsense
and I think one of,nonsense
and just,nonsense
and our,nonsense
and provide,nonsense
and so that,nonsense
and then you say you know,nonsense
and this,nonsense
and those three right now variables,nonsense
and you couldn't find service so is having a hard time,nonsense
anyone else,nonsense
anyone the time,nonsense
any story that,nonsense
anything about,nonsense
a participant,nonsense
are,nonsense
area,nonsense
are just so number I was talking about,nonsense
are on the move stay like this,nonsense
are six,nonsense
are you,nonsense
as for objects virtual room rewards,nonsense
as the,nonsense
a tiny or,nonsense
audience station,nonsense
author's note this,nonsense
a verbal menu,nonsense
back out to all the I don't know our time,nonsense
because this is automatically,nonsense
besides,nonsense
better proxy I don't know of points of discussion right now but later this may not be I think,nonsense
bill Dorman said by dividing the total,nonsense
block,nonsense
brain I business is the stuff also you know considering,nonsense
but for the auditor scenario,nonsense
but I feel,nonsense
but if it only fills itself after,nonsense
but I thought it would be just another demos,nonsense
but it's,nonsense
but it's not possibly trying applauded me,nonsense
but it's this,nonsense
but I would like to,nonsense
but let's get this wrong and then,nonsense
but not always,nonsense
but now I know the workings last night,nonsense
but on hands,nonsense
but on the,nonsense
but on the other side,nonsense
but on your leann,nonsense
but that's not on a,nonsense
but that's what's,nonsense
but there's a very fine job people say out of the,nonsense
but we chicks so you get a chance before you have a lawyer,nonsense
but when you can use something,nonsense
but when you go up to come to here they only know so many things would you know if this is,nonsense
but you have,nonsense
but you have a verbal menu which is a failed,nonsense
but you know it's,nonsense
can,nonsense
can get,nonsense
can go,nonsense
can I ask,nonsense
can I knew everybody from the conference lines or see,nonsense
can questions later,nonsense
can you know,nonsense
cap'n,nonsense
check out some wires,nonsense
could be a particular after it will have suggested place should you make it have shorter memory,nonsense
could be done is right maybe it's,nonsense
delays,nonsense
developers,nonsense
does,nonsense
does seasonal,nonsense
does that,nonsense
does the answer,nonsense
do I deserve the result of lots of laps,nonsense
don't ask about some,nonsense
do then why don't,nonsense
do they do they,nonsense
do things talk to,nonsense
down,nonsense
do you know,nonsense
do you still like bird where's the anything like perfect,nonsense
do you support Richard though,nonsense
do you want,nonsense
dragging,nonsense
earlier this and attacks over somebody look you know what that you asked for privacy,nonsense
either like,nonsense
either time,nonsense
entity relationship you know classify those out,nonsense
even privacy where,nonsense
everybody stop,nonsense
every now and it'll suck randomly talk,nonsense
every statements,nonsense
except,nonsense
except that it will be,nonsense
existing home,nonsense
famous novelist,nonsense
faster,nonsense
finding,nonsense
first it was to get it perfect so Hussein for the purpose of this debate that you give a shot,nonsense
first thing,nonsense
first you would as opposed,nonsense
five,nonsense
for,nonsense
for the most part Elsie's perfect's,nonsense
friends,nonsense
functional honest,nonsense
general,nonsense
girl please,nonsense
giving,nonsense
going to build a whole infrastructure,nonsense
great,nonsense
he lifted out it's good stuff is,nonsense
here,nonsense
her personal,nonsense
he's all like this,nonsense
he's not including,nonsense
he those two questions lifted its,nonsense
Hong,nonsense
how,nonsense
how did that,nonsense
how to get everything,nonsense
how will that is like status of the book at all,nonsense
how would supersede,nonsense
I am around I am always happy when I am thinking again,nonsense
I asked what,nonsense
I but I,nonsense
I can barely,nonsense
I can get do,nonsense
I'd,nonsense
I decided that is,nonsense
I didn't ask you that,nonsense
I'd just,nonsense
I'd like there was one did suggest,nonsense
I don't does it look no,nonsense
I don't have you seen parties should be something,nonsense
I don't know about everyone vannatter,nonsense
I don't know which also burns like clearly how can I talk about,nonsense
I don't really good,nonsense
I don't think for something,nonsense
I drive by a fly ball go whatever the,nonsense
I dug out years ago I,nonsense
I feel like you go about saying,nonsense
if I am really hoping I can get five,nonsense
if I can only,nonsense
I figured this is my,nonsense
if I think about substance,nonsense
if I were to go maybe account,nonsense
if they don't,nonsense
if you,nonsense
if you can do it a process they or eliminated helps with,nonsense
if you don't like off,nonsense
if you say things you know related to weather like relies on China rain,nonsense
if you schedule work at on is,nonsense
if you want notifying on,nonsense
I just solutions,nonsense
I just will follow look at the list recently,nonsense
I know if you lose talk,nonsense
I know the answer,nonsense
I know your intellect,nonsense
I mean ideally be nice to have arranged her,nonsense
I mean if I might not do that you know but,nonsense
I mean something,nonsense
I'm going,nonsense
I'm kind of a sense of all the penalties are like no,nonsense
I'm looking for,nonsense
I'm sorry,nonsense
I'm trying to figure out,nonsense
I'm with words,nonsense
in Europe results back maybe have a little gesture like,nonsense
in the lobby there anything,nonsense
I often,nonsense
I stood,nonsense
is whenever things go awry,nonsense
it,nonsense
it amounts to suspects,nonsense
it helps us quite a bit,nonsense
I think at one point I never doubted that he was going to make it,nonsense
I think erupted,nonsense
I think it's annoying as well,nonsense
I think that,nonsense
I think that you know like,nonsense
I think this is it only,nonsense
I thought it contest,nonsense
I thought there,nonsense
I thought we had maybe like so,nonsense
it in the timeouts,nonsense
it is,nonsense
it is abilities,nonsense
it is useless,nonsense
it'll,nonsense
it'll ignored,nonsense
it'll make it you will local stuff,nonsense
it'll people does not generally you is or Starbucks and signaled to the robot robot,nonsense
it'll take a key phrases like love life realized that all certain,nonsense
it oughtn't,nonsense
it out a secondary and Alcee retired nonsense,nonsense
it's,nonsense
it's a,nonsense
it's about the language Nassau executives see the system,nonsense
it's actually,nonsense
it's a different style for different phones,nonsense
it's going dialogues,nonsense
it's good,nonsense
it's just,nonsense
it's just when you,nonsense
it's kind of,nonsense
it's like,nonsense
it's my considered talk to see some,nonsense
it's not efficient,nonsense
it's not like prominence of the,nonsense
it's probably somewhere entirely,nonsense
it's very everything on saying,nonsense
it's Yankees will work on the image processing for this free butter pecan also museum grabbing,nonsense
it was,nonsense
it was a really,nonsense
it was easy,nonsense
it would take,nonsense
it your fixed,nonsense
I would like to,nonsense
I your real life experience that would you know in,nonsense
Jude auto is has the hams,nonsense
just,nonsense
just because it was suffocating,nonsense
just because you,nonsense
just leann,nonsense
just like just,nonsense
just sort of a Protestant trying to figure out,nonsense
last,nonsense
leann,nonsense
learn from center learn from,nonsense
let's counselors to get lost lost,nonsense
let's get,nonsense
like cases I was little testing for a highly more realistically by,nonsense
like Selassie's question,nonsense
like some,nonsense
like the ones,nonsense
like will say something my honorable log,nonsense
look ani,nonsense
lots,nonsense
make sure that it,nonsense
maybe what,nonsense
model,nonsense
Moses,nonsense
most,nonsense
mostly customers,nonsense
moving,nonsense
my,nonsense
my answer machine not much of the,nonsense
my problem for Albanian there unless the inexorably,nonsense
NATO,nonsense
never picks it up,nonsense
next,nonsense
next year,nonsense
nobody,nonsense
nobody asked whether,nonsense
nobody wants,nonsense
not that this,nonsense
not whenever we train,nonsense
now the first thing that I want,nonsense
okay also,nonsense
okay listing,nonsense
on,nonsense
once,nonsense
once we started,nonsense
once you have it,nonsense
one of them aloneness,nonsense
one of these guys,nonsense
only pick the probation podiums,nonsense
on this,nonsense
on this particular do not,nonsense
ordeal is about a,nonsense
orthodontist of the robot,nonsense
our partners,nonsense
Palestinian for,nonsense
parents,nonsense
perhaps most,nonsense
plan goes how I know I know how to handle,nonsense
please note,nonsense
points responses to,nonsense
politics,nonsense
pony,nonsense
pretty fast,nonsense
probably down forcibly six hour,nonsense
problems,nonsense
Providence,nonsense
rating,nonsense
ray made the point,nonsense
reasonably exorcism is definitions are profits were,nonsense
remiss usually municipal goes like this screw so little Jews rusher includes several we don't have this issue,nonsense
request,nonsense
responded whether,nonsense
right,nonsense
right it,nonsense
right now I don't know what's going,nonsense
rob is the guy that center for the better the,nonsense
robots,nonsense
say,nonsense
say I love you can speak normally but not like,nonsense
says exemplifies re application,nonsense
screen,nonsense
Scully the problems,nonsense
Seattle problem noise assignments foreplay,nonsense
second dialogue,nonsense
second one was,nonsense
see,nonsense
seems happy,nonsense
select,nonsense
sh,nonsense
she conte,nonsense
she had printed happen,nonsense
she's the only one,nonsense
shortest,nonsense
show so I know he showed he knows he show I've never thought has,nonsense
since you know,nonsense
small seems I want potatoes,nonsense
smiles tested all stop,nonsense
snarling inside,nonsense
so,nonsense
so all I have to do is give it some nonsensical utterances,nonsense
so anybody who has any,nonsense
so because you are getting satisfactory answers a good purpose of going to say that I'm going to,nonsense
so beside the road eaters detectives over the next also biologic excellent tomorrow,nonsense
so can I get more of last,nonsense
so does well,nonsense
so for the immediate time,nonsense
so goes last night I,nonsense
so go free,nonsense
so I clearly am,nonsense
so I does this vessel here,nonsense
so I felt that we sit,nonsense
so I still,nonsense
so I think that situation I understand,nonsense
so I think the,nonsense
so it is,nonsense
so it's like this,nonsense
so it's uses a concierge so they put it out there plans on and,nonsense
so let's,nonsense
so like whatever I tell it to raise an army that's,nonsense
somebody,nonsense
some boys giving a snickers leann,nonsense
some items are good,nonsense
some of the,nonsense
some of the bugs I know it's not the most exciting glorious,nonsense
someplace in place you know,nonsense
something,nonsense
something else here suppose you receive a penalty will be able to answer,nonsense
something is,nonsense
something out of it,nonsense
something that affects into is like,nonsense
something that we have,nonsense
something to make it more experience,nonsense
so next I think we need to fix for ninety,nonsense
son of,nonsense
so not sure if you see it,nonsense
so now you have,nonsense
so once again actively is focus on bugs certain things out,nonsense
so or something,nonsense
so policies like figure out,nonsense
sorry,nonsense
sorry fifty,nonsense
sorry for,nonsense
sort of,nonsense
sort of thing have Yassin's,nonsense
so stuff they've been,nonsense
so that,nonsense
so that is what I,nonsense
so that lousy,nonsense
so that's,nonsense
so that's a question you,nonsense
so that's that's what I'm trying,nonsense
so that you have a little bit snotty,nonsense
so the idea being by life,nonsense
so there is,nonsense
so there's there's so's missing,nonsense
so these are some questions,nonsense
so the second part of,nonsense
so the simple,nonsense
so this,nonsense
so this goes down,nonsense
so this thing has a built in system were prototype you know you can,nonsense
so was there something that includes,nonsense
so we didn't also so artistic,nonsense
so we just it was a matching set of words that help Thursday,nonsense
so we're not getting,nonsense
so whatever box,nonsense
so what if they simply applied for what accepted my status,nonsense
so what I want to do with a little less,nonsense
so what's TGI,nonsense
so what we're trying to do is always listening,nonsense
so what we try not only that you don't know the Serbs,nonsense
so while,nonsense
so with our language pacifier's if we use that goes a long way towards,nonsense
so you can,nonsense
so you know is using the local trains go,nonsense
so your aloneness,nonsense
so your treasury,nonsense
so you say,nonsense
speaker out,nonsense
split between good about,nonsense
stacking,nonsense
Stansky,nonsense
start,nonsense
starting,nonsense
states cap'n,nonsense
stay,nonsense
Steve transcribe the ideas that when you get in these,nonsense
still,nonsense
still oughtn't shall,nonsense
still research,nonsense
still we need to know what's the what's stored locally,nonsense
strong hands everyone,nonsense
student Maggie,nonsense
stuff,nonsense
submit,nonsense
such,nonsense
supposing actually,nonsense
symbolizing,nonsense
talked over me a lot,nonsense
technical,nonsense
testing,nonsense
Texas,nonsense
text,nonsense
that,nonsense
that are,nonsense
that fastest we did before so the capital code,nonsense
that I,nonsense
that is,nonsense
that is not a bug consultants are chemically it's it's not necessarily hot that sentence but,nonsense
that means,nonsense
that's,nonsense
that's a different,nonsense
that said lots and does,nonsense
that's an efficiency divisions,nonsense
that's fine,nonsense
that's interesting,nonsense
that's like a real,nonsense
that's that's saying a lot so we're going to be,nonsense
that's where,nonsense
that's within this,nonsense
that we have a,nonsense
the,nonsense
the bagel place that is the most was that is,nonsense
the city,nonsense
the city does,nonsense
the closer you see the words are area don't want,nonsense
the developers not,nonsense
the developers they'll have stickers on the back,nonsense
the fifth open,nonsense
the help they just barely plaintiffs kicked off all data visible on the one,nonsense
the law here,nonsense
the liberals,nonsense
then,nonsense
then it came,nonsense
the number to do just that,nonsense
the one,nonsense
the one thing your friends,nonsense
the other part is one problem though,nonsense
the population,nonsense
there are two questions depends on the call including you,nonsense
the reason,nonsense
the reasons,nonsense
there is,nonsense
there is always you know these,nonsense
there is an infection in their survivor,nonsense
there is some,nonsense
there should,nonsense
the responsible,nonsense
the robot,nonsense
the so,nonsense
the update on its books but I would like to request is whenever you are logging roads,nonsense
they,nonsense
they are as a person,nonsense
they are working on that there should be some testing,nonsense
they do you,nonsense
they look cool our wisdom,nonsense
they others of us service,nonsense
they're very similar that's,nonsense
they see robots go when they don't,nonsense
think about annexes,nonsense
thirty answering,nonsense
this,nonsense
this accident rollerblade's lawyers in your business avoiding you go back basically lose lose,nonsense
this area,nonsense
this four seconds,nonsense
this is,nonsense
this is a problem that we Casey,nonsense
this is good,nonsense
this means that as deeply,nonsense
this morning I usually just,nonsense
this obligated scatter within communities,nonsense
this results,nonsense
this robust Lebanese,nonsense
those those rules are,nonsense
three dimensional space of the room is from,nonsense
three tasks unclear that I think,nonsense
through the years,nonsense
total whispers,nonsense
trying to figure space hotels we're trying to help you because,nonsense
trying to make,nonsense
try to make bus,nonsense
unfortunately anybody's,nonsense
unless,nonsense
until it does the dishes,nonsense
user,nonsense
vannatter,nonsense
verses,nonsense
Wagner said each interaction,nonsense
waiting for them sternly needs to maybe this is something that's like a promotion,nonsense
we all,nonsense
we can do I train in for that search just being able,nonsense
we dishes,nonsense
we fought so I'd like,nonsense
we have a,nonsense
well,nonsense
well I said earlier,nonsense
well it looks like to network,nonsense
well itself architecture that I kind of worried,nonsense
well it was,nonsense
well it was a,nonsense
well it was just a signature,nonsense
well it wouldn't,nonsense
well maybe,nonsense
well please list if you after that last request,nonsense
well so probably pick up umbrella in in,nonsense
well there's a sweeping point they will never die,nonsense
well what we do about,nonsense
we may at this last night,nonsense
we're,nonsense
we're all people you actually just because we,nonsense
we're going to the robot,nonsense
we're looking for,nonsense
we're probably doing,nonsense
we're working I was working with and like,nonsense
we see,nonsense
we started,nonsense
we talking about here,nonsense
we train system lately,nonsense
we will,nonsense
we work with,nonsense
with each record,nonsense
work on this to get everything merged,nonsense
works,nonsense
would you go to a hotel because here in the Hague you know if I don't have anything,nonsense
yeah like I don't,nonsense
yeah through only one or stay,nonsense
yeah total whispers,nonsense
you,nonsense
you can,nonsense
you can also decided,nonsense
you can get it out,nonsense
you can study time but,nonsense
you can use this,nonsense
you can you have a historical,nonsense
you feel totally focused upon receipt elevator,nonsense
you have several,nonsense
you have to say all screens,nonsense
you just available,nonsense
you know a big,nonsense
you know I mean is we have sort of what should,nonsense
you know it's like where did,nonsense
you know this evening,nonsense
you'll see,nonsense
you pass,nonsense
you're going,nonsense
you've got,nonsense
you will be,nonsense
you will be sorry,nonsense
you would like to see,nonsense
zero amount,nonsense
zero zero zero over thirty I guess,nonsense
